"owner","slot","player","team","draftValue","position","vor","overallECR","overallRank","positionRank","risk","avgValue","ffaPoints","ffaCeiling","ffaFloor","playerName","espnPoints"
"Kevin","QB","DREWBREES","NO",22,"QB",30.7463,51,41,5,2.8588,21,357.436,383.093,315.896,"Drew Brees",365.9
"Kevin","RB1","LAMARMILLER","MIA",37,"RB",51.2636,24,25,12,4.2797,26.4,180.037,191.41,151.326,"Lamar Miller",192.5
"Kevin","RB2","JONATHANSTEWART","CAR",19,"RB",27.3657,37,42,20,6.467,16.7,156.14,169.966,125.99,"Jonathan Stewart",164.4
"Kevin","WR1","CALVINJOHNSON","DET",49,"WR",80.7875,14,14,6,7.3394,43,201.324,222.982,182.061,"Calvin Johnson",188
"Kevin","WR2","DEMARYIUSTHOMAS","DEN",53,"WR",91.3992,11,7,2,5.4815,46.9,211.935,222.959,194.922,"Demaryius Thomas",196
"Kevin","FLEX","RODDYWHITE","ATL",4,"WR",1.24,81,78,34,4.3805,4,121.776,132.899,106.757,"Roddy White",107.1
"Kevin","TE","DWAYNEALLEN","IND",2,"TE",-9.1303,118,101,10,4.4777,1.8,91.1349,99.6229,70.9134,"Dwayne Allen",89.5
"Kevin","DST","EAGLES","PHI",1,"DST",-24.0316,242,138,4,7.3892,1.7,122.947,128.143,110,"Eagles",114
"Kevin","K","DUSTINHOPKINS","NO",1,"K",-65.2826,288,282,30,5.1014,0,108.097,129.829,0,"Dustin Hopkins",123
"Kevin","BENCH1","TORREYSMITH","SF",3,"WR",1.7138,94,77,33,4.0548,3.1,122.25,136.69,91.7761,"Torrey Smith",118
"Kevin","BENCH2","KENDALLWRIGHT","TEN",4,"WR",-6.3818,105,96,41,4.1254,1.7,114.154,133.156,95.0093,"Kendall Wright",107
"Kevin","BENCH3","MARVINJONES","CIN",1,"WR",-35.5446,140,167,62,6.2246,1.3,84.9915,106.418,60.148,"Marvin Jones",76
"Kevin","BENCH4","CHRISJOHNSON","ARI",1,"RB",-78.1269,229,327,69,3.8936,0,50.647,75.5961,13.995,"Chris Johnson",35.1
"Kevin","BENCH5","TAVONAUSTIN","STL",1,"WR",-44.546,299,203,71,4.1259,0,75.9901,93.8263,51.9591,"Tavon Austin",66.3
"Kevin","BENCH6","KENNYBRITT","STL",1,"WR",-22.0138,164,130,56,3.1751,0,98.5223,119.621,85.8383,"Kenny Britt",88
"Kevin","BENCH7","DOUGBALDWIN","SEA",1,"WR",-13.9898,145,107,46,3.8988,1.6,106.546,117.108,86.6691,"Doug Baldwin",112.7
"Matt","QB","BENROETHLISBERGER","PIT",19,"QB",13.7654,59,58,7,4.1586,11.1,340.455,351.763,314.004,"Ben Roethlisberger",336.8
"Matt","RB1","JUSTINFORSETT","BAL",36,"RB",59.5216,22,22,11,4.5578,24.8,188.295,201.274,170.442,"Justin Forsett",182.4
"Matt","RB2","CARLOSHYDE","SF",30,"RB",42.0529,38,31,16,6.2478,22.7,170.827,195.575,147.76,"Carlos Hyde",186.5
"Matt","WR1","AJGREEN","CIN",43,"WR",62.1618,17,20,8,7.6821,39.2,182.698,199.195,162.143,"A.J. Green",182.1
"Matt","WR2","RANDALLCOBB","GB",45,"WR",69.5445,19,19,7,5.4339,38,190.081,204.638,173.671,"Randall Cobb",178
"Matt","FLEX","JEREMYMACLIN","KC",6,"WR",18.1546,56,50,19,4.2577,10.3,138.691,154.693,125.396,"Jeremy Maclin",129.4
"Matt","TE","DELANIEWALKER","TEN",1,"TE",-2.4874,93,89,8,4.0533,1.9,97.7778,109.977,83.2184,"Delanie Walker",94.6
"Matt","DST","DOLPHINS","MIA",2,"DST",-37.3201,222,173,13,4.1459,1.7,109.658,119.635,84.7006,"Dolphins",117
"Matt","K","MASONCROSBY","GB",1,"K",-27.0179,279,146,4,4.7216,1.7,146.362,159.555,131.112,"Mason Crosby",134
"Matt","BENCH1","DEVONTAFREEMAN","ATL",7,"RB",-9.1009,98,100,34,6.0828,2.1,119.673,142.655,59.2943,"Devonta Freeman",136.4
"Matt","BENCH2","BRANDONCOLEMAN","NO",1,"WR",-38.4625,168,175,65,7.8985,0,82.0736,97.8078,2.2146,"Brandon Coleman",95
"Matt","BENCH3","RONNIEHILLMAN","DEN",2,"RB",-60.5163,169,264,56,3.4989,1.7,68.2575,87.0517,18.1,"Ronnie Hillman",72.2
"Matt","BENCH4","DEANGELOWILLIAMS","PIT",2,"RB",-71.7781,190,303,63,4.5591,1.3,56.9957,75.4347,42.4,"DeAngelo Williams",53.1
"Matt","BENCH5","JONASGRAY","NE",1,"RB",-52.1228,179,234,51,5.9433,1.3,76.651,102.047,43.1207,"Jonas Gray",82.3
"Matt","BENCH6","MONTEEBALL","DEN",2,"RB",-74.8535,199,314,66,3.8389,1.3,53.9204,80.2248,33.2371,"Montee Ball",34.1
"Matt","BENCH7","DEVANTEPARKER","MIA",1,"WR",-31.7957,NA,159,61,9.0431,1.8,88.7404,109.345,42.6155,"DeVante Parker",108
"Brad","QB","ANDREWLUCK","IND",47,"QB",87.964,20,9,1,4.9586,39.5,414.653,430.017,389.013,"Andrew Luck",398.3
"Brad","RB1","DEMARCOMURRAY","PHI",55,"RB",78.6107,16,16,8,6.1132,47,207.385,224.658,192.308,"DeMarco Murray",203.6
"Brad","RB2","CHRISIVORY","NYJ",13,"RB",10.2809,54,65,25,5.3456,7.1,139.055,148.328,125.737,"Chris Ivory",148.4
"Brad","WR1","EMMANUELSANDERS","DEN",32,"WR",41.6058,33,32,12,6.2824,27.5,162.142,176.959,145.628,"Emmanuel Sanders",155
"Brad","WR2","KEENANALLEN","SD",16,"WR",18.0123,42,51,20,7.4885,16.6,138.548,151.868,119.423,"Keenan Allen",139.5
"Brad","FLEX","ANDREJOHNSON","IND",14,"WR",15.1599,39,54,23,4.8261,12.7,135.696,146.319,107.069,"Andre Johnson",135.1
"Brad","TE","JORDANREED","WAS",1,"TE",-16.2406,150,112,15,6.9673,1.7,84.0246,95.9884,71.2149,"Jordan Reed",85.1
"Brad","DST","RAVENS","BAL",1,"DST",-33.3609,227,163,8,3.0281,1.2,113.617,125.214,95,"Ravens",109
"Brad","K","CALEBSTURGIS","MIA",1,"K",-43.4593,318,194,13,3.693,1.1,129.92,150.958,122.447,"Caleb Sturgis",134
"Brad","BENCH1","PHILIPRIVERS","SD",7,"QB",-6.5507,92,97,14,2.6583,3.6,320.139,334.74,290.591,"Philip Rivers",324.8
"Brad","BENCH2","LORENZOTALIAFERRO","BAL",3,"RB",-60.9515,195,265,57,3.1422,1.1,67.8223,86.718,55.5262,"Lorenzo Taliaferro",92.2
"Brad","BENCH3","TREMASON","STL",3,"RB",-30.8987,111,157,41,4.2773,2.7,97.8752,122.893,73.5956,"Tre Mason",74.1
"Brad","BENCH4","REGGIEBUSH","SF",1,"RB",-39.5513,135,178,43,3.7717,1.4,89.2225,111.438,76.3094,"Reggie Bush",77.6
"Brad","BENCH5","STEVESMITH","BAL",4,"WR",-5.8651,83,93,40,3.5363,2.4,114.671,129.582,108.766,"Steve Smith",111.1
"Brad","BENCH6","CHARLESSIMS","TB",1,"RB",-43.5982,143,196,47,4.0078,1.3,85.1756,102.305,63.9552,"Charles Sims",88.2
"Brad","BENCH7","JERICKMCKINNON","MIN",1,"RB",-68.1235,177,287,60,2.7096,1.1,60.6504,73.8982,43.8207,"Jerick McKinnon",55.1
"Tony","QB","CARSONPALMER","ARI",6,"QB",-38.7795,123,176,20,7.8598,3,287.91,309.216,250.436,"Carson Palmer",300.5
"Tony","RB1","ADRIANPETERSON","MIN",59,"RB",106.82,1,4,4,5.1617,57.4,235.594,249.712,218.406,"Adrian Peterson",222.6
"Tony","RB2","JOIQUEBELL","DET",12,"RB",2.1782,78,75,29,6.4736,11.6,130.952,150.779,85.3587,"Joique Bell",149.5
"Tony","WR1","ALSHONJEFFERY","CHI",40,"WR",53.8865,21,23,9,5.4592,32.1,174.423,196.297,149.033,"Alshon Jeffery",173
"Tony","WR2","BRANDONMARSHALL","NYJ",10,"WR",17.4855,45,52,21,4.1024,9.6,138.022,147.386,126.81,"Brandon Marshall",140
"Tony","FLEX","GIOVANIBERNARD","CIN",5,"RB",-0.6219,69,85,30,6.3151,8.7,128.152,153.241,96.9055,"Giovani Bernard",142.3
"Tony","TE","TRAVISKELCE","KC",9,"TE",19.0186,48,48,4,5.4164,8.7,119.284,134.606,92.1121,"Travis Kelce",117.3
"Tony","DST","RAMS","STL",1,"DST",-26.4018,167,144,5,7.1002,2.1,120.576,138.291,84,"Rams",124
"Tony","K","CONNORBARTH","DEN",1,"K",NA,NA,NA,NA,NA,0,0,NA,NA,NA,0
"Tony","BENCH1","JARVISLANDRY","MIA",8,"WR",10.682,70,64,27,4.3974,7.7,131.218,143.284,114.366,"Jarvis Landry",129.6
"Tony","BENCH2","RYANMATHEWS","PHI",6,"RB",-27.6124,104,148,39,6.9731,5,101.162,137.013,42.2401,"Ryan Mathews",110.4
"Tony","BENCH3","AMEERABDULLAH","DET",11,"RB",4.6948,60,70,28,4.3679,7.3,133.469,156.437,102.121,"Ameer Abdullah",124.3
"Tony","BENCH4","MARTAVISBRYANT","PIT",6,"WR",-19.2807,95,124,51,4.6724,4.7,101.255,124.958,70.3892,"Martavis Bryant",93
"Tony","BENCH5","NELSONAGHOLOR","PHI",4,"WR",0.0461,80,83,37,5.7853,6.6,120.582,131.516,107.311,"Nelson Agholor",122.2
"Tony","BENCH6","JOHNBROWN","ARI",4,"WR",-3.1319,84,90,39,3.4947,2.5,117.404,127.187,89.5255,"John Brown",119
"Tony","BENCH7","DEVINFUNCHESS","CAR",4,"WR",-12.2406,100,105,45,4.7729,2.4,108.296,127.839,68.6799,"Devin Funchess",116
"Drew","QB","TONYROMO","DAL",11,"QB",13.6167,68,60,8,3.0872,7.3,340.306,354.978,314.444,"Tony Romo",345
"Drew","RB1","MATTFORTE","CHI",46,"RB",86.2735,15,11,7,5.7035,47.7,215.047,228.736,194.435,"Matt Forte",200.4
"Drew","RB2","CJSPILLER","NO",10,"RB",7.8496,65,67,27,7.3133,7.6,136.623,160.322,75.4937,"C.J. Spiller",141.9
"Drew","WR1","ODELLBECKHAM","NYG",46,"WR",84.8598,12,12,4,8.8076,40,205.396,225.456,168.456,"Odell Beckham",189
"Drew","WR2","GOLDENTATE","DET",12,"WR",22.7179,49,46,17,4.1222,13,143.254,161.083,124.94,"Golden Tate",137.1
"Drew","FLEX","ALFREDMORRIS","WAS",35,"RB",42.9062,32,29,15,4.1318,27.3,171.68,190.565,149.716,"Alfred Morris",168.5
"Drew","TE","OWENDANIELS","DEN",1,"TE",-14.1373,127,108,13,3.5539,2.3,86.1279,97.8347,68.9303,"Owen Daniels",84.9
"Drew","DST","BRONCOS","DEN",1,"DST",-37.0529,202,172,12,5.9246,1.6,109.925,117.145,98,"Broncos",113
"Drew","K","CODYPARKEY","PHI",1,"K",-26.9616,284,145,3,3.5922,1.4,146.418,156.388,130.744,"Cody Parkey",134
"Drew","BENCH1","RYANTANNEHILL","MIA",7,"QB",0.1784,71,82,11,3.5114,4.1,326.868,340.531,307.598,"Ryan Tannehill",328.7
"Drew","BENCH2","ALLENROBINSON","JAC",4,"WR",6.6945,64,68,28,6.6621,5.8,127.231,143.82,102.598,"Allen Robinson",133
"Drew","BENCH3","DOUGMARTIN","TB",11,"RB",-7.2974,61,98,33,4.9101,7.3,121.477,138.591,82.8176,"Doug Martin",119.2
"Drew","BENCH4","ERICDECKER","NYJ",2,"WR",3.3111,82,73,30,4.027,4.2,123.847,129.943,112.458,"Eric Decker",115
"Drew","BENCH5","BRIANQUICK","STL",1,"WR",-14.3631,113,109,47,3.8517,2,106.173,124.628,77.733,"Brian Quick",98
"Drew","BENCH6","MARKUSWHEATON","PIT",3,"WR",-21.558,128,129,55,3.8448,1.9,98.9781,113.956,76.2103,"Markus Wheaton",90.4
"Drew","BENCH7","FREDJACKSON","BUF",3,"RB",-95.3824,191,416,89,7.3735,1.2,33.3915,80.4368,0,"Fred Jackson",0
"James","QB","TEDDYBRIDGEWATER","MIN",2,"QB",-34.4141,109,165,19,7.5881,3.7,292.275,321.061,249.841,"Teddy Bridgewater",283.4
"James","RB1","MARSHAWNLYNCH","SEA",63,"RB",100.451,5,6,5,4.4539,55.3,229.225,240.409,215.314,"Marshawn Lynch",216.6
"James","RB2","TODDGURLEY","STL",15,"RB",13.0263,62,62,24,6.3592,16.6,141.8,167.148,97.4507,"Todd Gurley",170.4
"James","WR1","JULIOJONES","ATL",47,"WR",82.5244,10,13,5,8.4095,43.9,203.06,229.196,172.296,"Julio Jones",187.1
"James","WR2","JORDANMATTHEWS","PHI",22,"WR",34.6826,31,39,15,4.4716,23.3,155.219,169.006,133.736,"Jordan Matthews",147
"James","FLEX","FRANKGORE","IND",20,"RB",44.4544,27,27,13,4.0013,20.6,173.228,191.677,152.587,"Frank Gore",172.5
"James","TE","ANTONIOGATES","SD",4,"TE",-17.034,131,114,17,3.4608,1.7,83.2312,96.7808,71.276,"Antonio Gates",79.7
"James","DST","BILLS","BUF",3,"DST",-18.1275,162,121,2,5.9618,3.9,128.851,141.471,115,"Bills",137
"James","K","STEPHENGOSTKOWSKI","NE",2,"K",-18,246,119,1,5.1363,3.6,155.38,170.308,138.398,"Stephen Gostkowski",141
"James","BENCH1","MATTHEWSTAFFORD","DET",4,"QB",0.8045,86,80,10,2.9045,5.5,327.494,347.483,306.086,"Matthew Stafford",319.7
"James","BENCH2","CHARLESJOHNSON","MIN",5,"WR",0.9996,77,79,35,3.5351,4.2,121.536,137.066,100.888,"Charles Johnson",118
"James","BENCH3","JULIUSTHOMAS","JAC",2,"TE",-11.2848,117,104,11,6.8369,3.2,88.9804,112.336,66.5626,"Julius Thomas",80.1
"James","BENCH4","ZACHERTZ","PHI",3,"TE",-1.4369,102,87,7,4.7117,2.2,98.8283,106.66,84.9677,"Zach Ertz",100.5
"James","BENCH5","BISHOPSANKEY","TEN",6,"RB",-23.2393,103,134,36,3.3357,2.4,105.534,121.382,82.3308,"Bishop Sankey",114.3
"James","BENCH6","KNILEDAVIS","KC",1,"RB",-39.0009,149,177,42,3.4831,1.4,89.7729,109.449,68.5592,"Knile Davis",77.1
"James","BENCH7","LANCEDUNBAR","DAL",1,"RB",-70.0573,193,295,61,4.3911,0,58.7165,84.8489,16.2206,"Lance Dunbar",72.9
"Shep","QB","ELIMANNING","NYG",19,"QB",-4.3784,74,91,13,2.8079,3.7,322.311,348.484,292.689,"Eli Manning",329.9
"Shep","RB1","ARIANFOSTER","HOU",16,"RB",13.8729,76,57,23,8.2857,12.3,142.647,171.381,97.158,"Arian Foster",172.4
"Shep","RB2","JOSEPHRANDLE","DAL",22,"RB",18.5898,57,49,22,3.8946,14.6,147.364,161.165,131.653,"Joseph Randle",137.5
"Shep","WR1","AMARICOOPER","OAK",8,"WR",14.666,43,55,24,5.4341,15.6,135.202,147.882,113.224,"Amari Cooper",132
"Shep","WR2","DEANDREHOPKINS","HOU",25,"WR",35.5715,29,37,14,6.8653,25.2,156.108,177.694,124.457,"DeAndre Hopkins",145.1
"Shep","FLEX","DAVANTEADAMS","GB",17,"WR",17.1171,53,53,22,3.1545,14.9,137.653,155.559,121.439,"Davante Adams",127
"Shep","TE","GREGOLSEN","CAR",10,"TE",24.3521,47,44,3,4.5434,10.8,124.617,135.935,100.453,"Greg Olsen",115.3
"Shep","DST","JETS","NYJ",3,"DST",-45.8889,219,207,23,6.9304,1.4,101.089,115.624,80,"Jets",111
"Shep","K","ADAMVINATIERI","IND",2,"K",-27.9853,258,149,5,4.3748,2.5,145.394,156.014,127.163,"Adam Vinatieri",139
"Shep","BENCH1","DUKEJOHNSON","CLE",8,"RB",-45.8169,108,206,48,8.1623,1.9,82.9569,110.722,40.9234,"Duke Johnson",110.3
"Shep","BENCH2","LATAVIUSMURRAY","OAK",19,"RB",38.7307,35,36,18,6.0583,15.1,167.505,184.083,143.269,"Latavius Murray",164.8
"Shep","BENCH3","RASHADJENNINGS","NYG",10,"RB",-1.5563,72,88,31,6.335,8.2,127.218,146.062,92.7092,"Rashad Jennings",126.3
"Shep","BENCH4","LEGARRETTEBLOUNT","NE",8,"RB",9.7863,58,66,26,4.467,6.6,138.56,151.734,102.832,"LeGarrette Blount",139.5
"Shep","BENCH5","ISAIAHCROWELL","CLE",15,"RB",-6.0253,91,95,32,4.4135,5.2,122.749,138.297,100.349,"Isaiah Crowell",128.4
"Shep","BENCH6","DANNYWOODHEAD","SD",2,"RB",-43.2621,124,191,45,5.003,1.7,85.5118,111.748,29.3612,"Danny Woodhead",106.2
"Shep","BENCH7","DARRENMCFADDEN","DAL",4,"RB",-29.1333,120,152,40,5.4361,2.6,99.6405,112.948,70.3367,"Darren McFadden",118.4
"Milf","QB","AARONRODGERS","GB",46,"QB",72.5856,25,18,2,5.1665,44.3,399.275,423.608,359.975,"Aaron Rodgers",383
"Milf","RB1","LEVEONBELL","PIT",62,"RB",113.233,2,1,1,9.4699,52.5,242.007,272.627,208.255,"LeVeon Bell",211.5
"Milf","RB2","MELVINGORDON","SD",25,"RB",40.8475,36,34,17,4.1128,22,169.621,186.006,149.226,"Melvin Gordon",163.3
"Milf","WR1","MIKEEVANS","TB",37,"WR",52.6556,23,24,10,5.4113,28.2,173.192,190.109,162.33,"Mike Evans",160
"Milf","WR2","MIKEWALLACE","MIN",4,"WR",4.0225,87,71,29,3.4729,7.2,124.559,134.576,110.605,"Mike Wallace",117
"Milf","FLEX","RUEBENRANDLE","NYG",1,"WR",-17.3509,129,117,49,3.2113,0,103.185,120.418,78.3592,"Rueben Randle",121.8
"Milf","TE","MARTELLUSBENNETT","CHI",8,"TE",13.4292,67,61,5,5.0288,6.2,113.694,117.506,107.12,"Martellus Bennett",106.9
"Milf","DST","LIONS","DET",1,"DST",-36.4477,252,168,10,5.1413,1.1,110.53,117.138,92.8,"Lions",102
"Milf","K","MATTBRYANT","ATL",1,"K",-34.7492,300,166,8,3.8383,1.2,138.631,146.196,128.969,"Matt Bryant",137
"Milf","BENCH1","SAMBRADFORD","PHI",8,"QB",-32.8718,99,162,18,8.1061,5.3,293.817,315.391,223.203,"Sam Bradford",310.7
"Milf","BENCH2","JAYAJAYI","MIA",1,"RB",-92.4843,188,402,86,5.9018,1.1,36.2896,76.144,0.8532,"Jay Ajayi",7
"Milf","BENCH3","JAMESWHITE","NE",1,"RB",-76.9719,200,322,68,5.4211,0,51.802,82.3318,0.7,"James White",80.2
"Milf","BENCH4","MICHAELCRABTREE","OAK",1,"WR",-26.0379,142,142,59,3.2723,1.7,94.4982,113.92,78.2623,"Michael Crabtree",98
"Milf","BENCH5","NATEWASHINGTON","HOU",1,"WR",-52.034,260,233,77,2.7618,0,68.5021,92.2054,45.7623,"Nate Washington",89.7
"Milf","BENCH6","PERCYHARVIN","BUF",1,"WR",-20.4902,159,126,53,5.7995,1.4,100.046,123.438,81.3251,"Percy Harvin",93.8
"Milf","BENCH7","MALCOMFLOYD","SD",1,"WR",-17.4553,158,118,50,3.0944,1.3,103.081,113.761,84.1275,"Malcom Floyd",102
"Toby","QB","PEYTONMANNING","DEN",25,"QB",42.5323,46,30,3,3.1836,24.9,369.222,385.655,352.284,"Peyton Manning",366
"Toby","RB1","TJYELDON","JAC",13,"RB",24.2409,44,45,21,6.7289,10.8,153.015,164.735,135.446,"T.J. Yeldon",153.4
"Toby","RB2","JEREMYHILL","CIN",44,"RB",76.8419,13,17,9,4.8129,39.8,205.616,218.484,186.781,"Jeremy Hill",201.6
"Toby","WR1","TYHILTON","IND",48,"WR",48.4816,26,26,11,5.9585,32.9,169.018,185.863,150.082,"T.Y. Hilton",167.2
"Toby","WR2","JULIANEDELMAN","NE",16,"WR",19.7437,50,47,18,6.7278,19.1,140.28,147.468,127.49,"Julian Edelman",146.4
"Toby","FLEX","VINCENTJACKSON","TB",7,"WR",12.7974,63,63,26,3.5539,12.7,133.333,150.551,116.592,"Vincent Jackson",130
"Toby","TE","JASONWITTEN","DAL",5,"TE",3.9243,90,72,6,4.1645,5.5,104.189,109.801,93.0341,"Jason Witten",103
"Toby","DST","SEAHAWKS","SEA",5,"DST",-6,144,94,1,10.1473,6.7,140.978,146.724,81,"Seahawks",187
"Toby","K","STEVENHAUSCHKA","SEA",1,"K",-30.7879,261,156,6,4.4808,2,142.592,152.596,131.377,"Steven Hauschka",143
"Toby","BENCH1","TOMBRADY","NE",10,"QB",4.7207,79,69,9,3.016,8.6,331.41,361.403,246.056,"Tom Brady",357.9
"Toby","BENCH2","MATTRYAN","ATL",15,"QB",14.4554,66,56,6,3.4559,7.7,341.145,364.79,306.698,"Matt Ryan",337.6
"Toby","BENCH3","JORDANCAMERON","MIA",1,"TE",-4.7117,88,92,9,6.6182,3.6,95.5535,104.457,77.6942,"Jordan Cameron",91.7
"Toby","BENCH4","PATRIOTS","NE",1,"DST",-40.9071,213,183,16,2.3031,1.6,106.071,117.606,85,"Patriots",126
"Toby","BENCH5","TEVINCOLEMAN","ATL",5,"RB",-17.0584,89,116,35,9.7746,3,111.715,137.786,25.0303,"Tevin Coleman",138.4
"Toby","BENCH6","ANQUANBOLDIN","SF",3,"WR",2.5225,85,74,31,3.0811,1.5,123.059,132.976,107.236,"Anquan Boldin",107
"Toby","BENCH7","LARRYDONNELL","NYG",1,"TE",-20.9886,139,127,22,3.8969,1.4,79.2766,95.3935,64.5908,"Larry Donnell",87.9
"Keith","QB","CAMNEWTON","CAR",6,"QB",-0.9829,75,86,12,6.855,5.4,325.706,345.356,305.739,"Cam Newton",316.6
"Keith","RB1","JAMAALCHARLES","KC",62,"RB",108.372,3,3,3,6.2318,55.3,237.146,255.419,215.744,"Jamaal Charles",218.7
"Keith","RB2","ANDREELLINGTON","ARI",15,"RB",30.9984,40,40,19,7.8168,11.5,159.772,182.154,138.006,"Andre Ellington",144.3
"Keith","WR1","SAMMYWATKINS","BUF",16,"WR",13.696,55,59,25,6.9875,12.5,134.232,152.66,118.98,"Sammy Watkins",133
"Keith","WR2","DEZBRYANT","DAL",55,"WR",87.0723,7,10,3,5.3589,47.2,207.608,222.957,184.048,"Dez Bryant",194
"Keith","FLEX","VICTORCRUZ","NYG",4,"WR",-19.7,115,125,52,6.0848,3.2,100.836,119.687,39.8677,"Victor Cruz",91
"Keith","TE","JIMMYGRAHAM","SEA",32,"TE",40.9001,34,33,2,6.1759,27.7,141.165,159.808,123.675,"Jimmy Graham",130.1
"Keith","DST","CARDINALS","ARI",1,"DST",-33.6201,197,164,9,2.7147,1.2,113.358,120.563,85,"Cardinals",101
"Keith","K","MATTPRATER","DET",1,"K",-46.7726,326,211,15,4.1756,1.2,126.607,141.202,114.218,"Matt Prater",136
"Keith","BENCH1","SHANEVEREEN","NYG",1,"RB",-24.0272,97,137,37,4.4372,2.9,104.747,117.898,79.2529,"Shane Vereen",110.2
"Keith","BENCH2","DAVIDCOBB","TEN",1,"RB",-49.19,126,224,49,5.2394,1.4,79.5838,105.014,46.54,"David Cobb",55.1
"Keith","BENCH3","DAVIDJOHNSON","ARI",2,"RB",-59.0459,134,260,54,4.3092,1.3,69.7279,87.8183,16.1003,"David Johnson",82.3
"Keith","BENCH4","CODYLATIMER","DEN",1,"WR",-40.7882,163,182,67,5.1709,1.3,79.7479,100.969,30.9822,"Cody Latimer",102
"Keith","BENCH5","BRANDONLAFELL","NE",1,"WR",-10.1484,107,103,44,3.6537,1.5,110.388,123.492,85.602,"Brandon LaFell",86
"Keith","BENCH6","TERRANCEWEST","CLE",1,"RB",-57.5884,182,256,53,2.5905,1.1,71.1854,84.9638,36.1759,"Terrance West",57.2
"Keith","BENCH7","THEORIDDICK","DET",1,"RB",-81.6071,255,343,78,4.3802,1,47.1667,65.0904,3.8,"Theo Riddick",36.1
"Ross","QB","JOEFLACCO","BAL",5,"QB",-22.1139,125,132,15,2.6657,3.4,304.575,323.91,277.5,"Joe Flacco",287.5
"Ross","RB1","EDDIELACY","GB",60,"RB",109.309,4,2,2,7.5116,55.2,238.083,243.972,222.473,"Eddie Lacy",232.7
"Ross","RB2","MARKINGRAM","NO",35,"RB",43.2349,28,28,14,5.0203,28.4,172.009,193.38,128.376,"Mark Ingram",179.6
"Ross","WR1","ANTONIOBROWN","PIT",48,"WR",103.098,6,5,1,5.2652,50.2,223.634,240.299,207.571,"Antonio Brown",209.1
"Ross","WR2","BRANDINCOOKS","NO",26,"WR",39.0076,30,35,13,4.9092,26.4,159.544,176.282,135.455,"Brandin Cooks",158.8
"Ross","FLEX","LARRYFITZGERALD","ARI",5,"WR",2.1357,73,76,32,3.5904,3.8,122.672,138.506,106.635,"Larry Fitzgerald",119
"Ross","TE","HEATHMILLER","PIT",1,"TE",-16.8609,141,113,16,4.0298,2.1,83.4043,88.4974,76.933,"Heath Miller",82.9
"Ross","DST","PANTHERS","CAR",1,"DST",-28.0931,220,150,6,3.7544,1.5,118.885,141.046,92,"Panthers",104
"Ross","K","JUSTINTUCKER","BAL",1,"K",-25.6487,271,141,2,3.9187,1.5,147.731,155.183,132.582,"Justin Tucker",138
"Ross","BENCH1","PIERREGARCON","WAS",2,"WR",-8.0572,106,99,42,4.0209,1.4,112.479,126.82,87.4422,"Pierre Garcon",112
"Ross","BENCH2","BRESHADPERRIMAN","BAL",4,"WR",-22.0723,121,131,57,6.5854,1.5,98.4638,118.81,67.6909,"Breshad Perriman",97
"Ross","BENCH3","EDDIEROYAL","CHI",3,"WR",-15.7618,116,111,48,2.0463,2.2,104.774,120.202,77.0301,"Eddie Royal",102.4
"Ross","BENCH4","DARRENSPROLES","PHI",2,"RB",-43.2939,152,192,46,2.9925,1.6,85.48,99.0152,72.3695,"Darren Sproles",74.8
"Ross","BENCH5","DONTEMONCRIEF","IND",2,"WR",-46.6391,184,210,74,3.669,1.1,73.897,97.4761,52.7346,"Donte Moncrief",57
"Ross","BENCH6","DENARDROBINSON","JAC",2,"RB",-61.7598,180,268,58,4.7366,1.1,67.0141,86.9536,11.3642,"Denard Robinson",67.2
"Ross","BENCH7","ANDREWILLIAMS","NYG",2,"RB",-55.4627,146,250,52,3.5856,1.3,73.3112,95.2946,28.8672,"Andre Williams",84.2
"Billy","QB","RUSSELLWILSON","SEA",28,"QB",34.9372,41,38,4,4.038,23.6,361.627,379.869,339.517,"Russell Wilson",353.8
"Billy","RB1","CJANDERSON","DEN",47,"RB",89.8656,9,8,6,5.7709,45.1,218.639,237.06,194.911,"C.J. Anderson",218.6
"Billy","RB2","LESEANMCCOY","BUF",42,"RB",61.4721,18,21,10,4.895,44.4,190.246,212.036,142.602,"LeSean McCoy",205.5
"Billy","WR1","MARQUESCOLSTON","NO",4,"WR",-0.2621,96,84,38,3.8657,2.1,120.274,126.792,108.178,"Marques Colston",109
"Billy","WR2","DESEANJACKSON","WAS",12,"WR",24.9835,52,43,16,5.8357,14.3,145.52,173.258,127.234,"DeSean Jackson",141
"Billy","FLEX","MICHAELFLOYD","ARI",5,"WR",0.216,101,81,36,4.9349,2.7,120.752,132.617,104.406,"Michael Floyd",119.1
"Billy","TE","ROBGRONKOWSKI","NE",43,"TE",79.3731,8,15,1,6.6037,44.4,179.638,205.122,143.462,"Rob Gronkowski",168
"Billy","DST","TEXANS","HOU",2,"DST",-23.6556,174,135,3,7.2029,3.6,123.323,147.273,102,"Texans",132
"Billy","K","DANBAILEY","DAL",1,"K",-32.3553,273,160,7,5.198,1.5,141.024,152.161,131.58,"Dan Bailey",136
"Billy","BENCH1","JAYCUTLER","CHI",4,"QB",-29.8496,130,154,17,3.5562,3.2,296.84,328.037,253.067,"Jay Cutler",291.6
"Billy","BENCH2","ALFREDBLUE","HOU",7,"RB",-24.073,133,139,38,2.6287,3,104.701,124.273,81.6867,"Alfred Blue",83.2
"Billy","BENCH3","ANDREWHAWKINS","CLE",1,"WR",-39.5802,207,179,66,4.0976,0,80.9559,110.142,54.4367,"Andrew Hawkins",66
"Billy","BENCH4","TERRANCEWILLIAMS","DAL",1,"WR",-10.0602,119,102,43,3.8812,1.9,110.476,124.32,91.29,"Terrance Williams",105
"Billy","BENCH5","TIMTEBOW","PHI",1,"QB",-319.304,NA,705,59,8.8226,0,7.3855,17.8496,0,"Tim Tebow",0
"Billy","BENCH6","REGGIEWAYNE","NE",1,"WR",-69.0119,212,290,97,4.3569,1.9,51.5242,74.7094,25.3006,"Reggie Wayne",73
"Billy","BENCH7","PACKERS","GB",1,"DST",-30.3918,226,155,7,3.8652,1.6,116.586,131.248,102,"Packers",108
